{"cameraMode":{"drawMode":0,"name":"Shaded","section":"Shading Mode"},"sceneLighting":false,"audioPlay":false,"sceneViewState":{"showFog":true,"showMaterialUpdate":false,"showSkybox":true,"showFlares":true,"showImageEffects":true,"showParticleSystems":true},"in2DMode":false,"pivot":{"x":25.629308700561525,"y":3.9224586486816408,"z":23.00033950805664},"rotation":{"x":0.34245869517326357,"y":-0.036633335053920749,"z":0.013364261947572232,"w":0.9387233257293701},"size":23.158958435058595,"orthographic":false}