{"cameraMode":{"drawMode":0,"name":"Shaded","section":"Shading Mode"},"sceneLighting":true,"audioPlay":false,"sceneViewState":{"showFog":false,"showMaterialUpdate":false,"showSkybox":false,"showFlares":false,"showImageEffects":false,"showParticleSystems":false},"in2DMode":false,"pivot":{"x":24.76746940612793,"y":6.691606521606445,"z":22.427371978759767},"rotation":{"x":0.050444938242435458,"y":0.9492599964141846,"z":-0.20711585879325868,"w":0.23141714930534364},"size":8.708399772644043,"orthographic":false}