{"cameraMode":{"drawMode":0,"name":"Shaded","section":"Shading Mode"},"sceneLighting":false,"audioPlay":false,"sceneViewState":{"showFog":false,"showMaterialUpdate":false,"showSkybox":false,"showFlares":false,"showImageEffects":false,"showParticleSystems":false},"in2DMode":false,"pivot":{"x":16.85527229309082,"y":7.58738899230957,"z":4.646475315093994},"rotation":{"x":-0.04749888926744461,"y":0.7262759804725647,"z":-0.050399571657180789,"w":-0.6839333772659302},"size":4.657884120941162,"orthographic":false}