{"cameraMode":{"drawMode":0,"name":"Shaded","section":"Shading Mode"},"sceneLighting":false,"audioPlay":false,"sceneViewState":{"showFog":true,"showMaterialUpdate":false,"showSkybox":true,"showFlares":true,"showImageEffects":true,"showParticleSystems":true},"in2DMode":false,"pivot":{"x":21.010223388671876,"y":9.28120231628418,"z":5.832653045654297},"rotation":{"x":0.02019094116985798,"y":0.5709035992622376,"z":0.014046228490769863,"w":-0.8206486105918884},"size":6.044570446014404,"orthographic":false}