{"cameraMode":{"drawMode":0,"name":"Shaded","section":"Shading Mode"},"sceneLighting":false,"audioPlay":false,"sceneViewState":{"showFog":true,"showMaterialUpdate":false,"showSkybox":true,"showFlares":true,"showImageEffects":true,"showParticleSystems":true},"in2DMode":false,"pivot":{"x":26.87952423095703,"y":7.61929178237915,"z":5.2052178382873539},"rotation":{"x":-0.15725497901439668,"y":0.8404267430305481,"z":-0.39915546774864199,"w":-0.3311023414134979},"size":3.844040632247925,"orthographic":false}