{"cameraMode":{"drawMode":0,"name":"Shaded","section":"Shading Mode"},"sceneLighting":false,"audioPlay":false,"sceneViewState":{"showFog":true,"showMaterialUpdate":false,"showSkybox":false,"showFlares":true,"showImageEffects":true,"showParticleSystems":true},"in2DMode":false,"pivot":{"x":-0.13101071119308473,"y":0.17429304122924806,"z":0.04456990957260132},"rotation":{"x":-0.0838041678071022,"y":0.8911250829696655,"z":-0.18379828333854676,"w":-0.40631407499313357},"size":1.376291036605835,"orthographic":false}