{"cameraMode":{"drawMode":0,"name":"Shaded","section":"Shading Mode"},"sceneLighting":false,"audioPlay":false,"sceneViewState":{"showFog":true,"showMaterialUpdate":false,"showSkybox":false,"showFlares":true,"showImageEffects":true,"showParticleSystems":true},"in2DMode":false,"pivot":{"x":0.0000014157267287373543,"y":0.001112702302634716,"z":0.0002994636306539178},"rotation":{"x":-0.06955642253160477,"y":0.639893114566803,"z":-0.0583275705575943,"w":-0.7630836963653565},"size":0.008012400008738041,"orthographic":false}