{"cameraMode":{"drawMode":0,"name":"Shaded","section":"Shading Mode"},"sceneLighting":false,"audioPlay":false,"sceneViewState":{"showFog":true,"showMaterialUpdate":false,"showSkybox":true,"showFlares":true,"showImageEffects":true,"showParticleSystems":true},"in2DMode":false,"pivot":{"x":18.111328125,"y":7.6218061447143559,"z":22.31635284423828},"rotation":{"x":-0.10579293966293335,"y":0.8922792077064514,"z":-0.3398367464542389,"w":-0.27777084708213808},"size":13.94367790222168,"orthographic":false}