{"cameraMode":{"drawMode":0,"name":"Shaded","section":"Shading Mode"},"sceneLighting":true,"audioPlay":false,"sceneViewState":{"showFog":false,"showMaterialUpdate":false,"showSkybox":false,"showFlares":false,"showImageEffects":false,"showParticleSystems":false},"in2DMode":false,"pivot":{"x":23.57775115966797,"y":2.0965538024902345,"z":15.788463592529297},"rotation":{"x":0.3215871751308441,"y":0.22808994352817536,"z":-0.08016500622034073,"w":0.9155182838439941},"size":24.40635108947754,"orthographic":false}