{"cameraMode":{"drawMode":0,"name":"Shaded","section":"Shading Mode"},"sceneLighting":false,"audioPlay":false,"sceneViewState":{"showFog":true,"showMaterialUpdate":false,"showSkybox":true,"showFlares":true,"showImageEffects":true,"showParticleSystems":true},"in2DMode":false,"pivot":{"x":21.37497901916504,"y":7.466231346130371,"z":6.220951557159424},"rotation":{"x":-0.10683673620223999,"y":0.5317943692207336,"z":-0.06785015761852265,"w":-0.8373631834983826},"size":6.044570446014404,"orthographic":false}