{"cameraMode":{"drawMode":0,"name":"Shaded","section":"Shading Mode"},"sceneLighting":false,"audioPlay":false,"sceneViewState":{"showFog":true,"showMaterialUpdate":false,"showSkybox":false,"showFlares":true,"showImageEffects":true,"showParticleSystems":true},"in2DMode":false,"pivot":{"x":-0.0027350187301635744,"y":0.06206159293651581,"z":-0.34299084544181826},"rotation":{"x":-0.06955642253160477,"y":0.639893114566803,"z":-0.0583275705575943,"w":-0.7630836963653565},"size":2.1100375652313234,"orthographic":false}