{"cameraMode":{"drawMode":0,"name":"Shaded","section":"Shading Mode"},"sceneLighting":true,"audioPlay":false,"sceneViewState":{"showFog":false,"showMaterialUpdate":false,"showSkybox":false,"showFlares":false,"showImageEffects":false,"showParticleSystems":false},"in2DMode":false,"pivot":{"x":24.633403778076173,"y":4.61016845703125,"z":17.5089168548584},"rotation":{"x":0.3215871751308441,"y":0.22808994352817536,"z":-0.08016500622034073,"w":0.9155182838439941},"size":26.345388412475587,"orthographic":false}