{"cameraMode":{"drawMode":0,"name":"Shaded","section":"Shading Mode"},"sceneLighting":false,"audioPlay":false,"sceneViewState":{"showFog":true,"showMaterialUpdate":false,"showSkybox":true,"showFlares":true,"showImageEffects":true,"showParticleSystems":true},"in2DMode":false,"pivot":{"x":32.82850646972656,"y":22.149595260620118,"z":-4.949071884155273},"rotation":{"x":-0.00009350055188406259,"y":0.9486362338066101,"z":-0.31636902689933779,"w":-0.00028008478693664074},"size":52.94948959350586,"orthographic":false}