{"cameraMode":{"drawMode":0,"name":"Shaded","section":"Shading Mode"},"sceneLighting":true,"audioPlay":false,"sceneViewState":{"showFog":false,"showMaterialUpdate":false,"showSkybox":false,"showFlares":false,"showImageEffects":false,"showParticleSystems":false},"in2DMode":false,"pivot":{"x":26.268545150756837,"y":7.7751030921936039,"z":10.271651268005371},"rotation":{"x":0.1867140680551529,"y":0.8123641610145569,"z":-0.36897942423820498,"w":0.41127002239227297},"size":21.22543716430664,"orthographic":false}