{"cameraMode":{"drawMode":0,"name":"Shaded","section":"Shading Mode"},"sceneLighting":false,"audioPlay":false,"sceneViewState":{"showFog":true,"showMaterialUpdate":false,"showSkybox":true,"showFlares":true,"showImageEffects":true,"showParticleSystems":true},"in2DMode":false,"pivot":{"x":27.723878860473634,"y":12.94140338897705,"z":20.261850357055665},"rotation":{"x":0.2709343135356903,"y":0.6715521812438965,"z":-0.29100048542022707,"w":0.6252447962760925},"size":20.739282608032228,"orthographic":false}