{"cameraMode":{"drawMode":0,"name":"Shaded","section":"Shading Mode"},"sceneLighting":false,"audioPlay":false,"sceneViewState":{"showFog":true,"showMaterialUpdate":false,"showSkybox":true,"showFlares":true,"showImageEffects":true,"showParticleSystems":true},"in2DMode":false,"pivot":{"x":20.426162719726564,"y":7.8298139572143559,"z":7.709544658660889},"rotation":{"x":-0.26442766189575198,"y":0.6727333068847656,"z":-0.2819741368293762,"w":-0.6308712959289551},"size":5.036059379577637,"orthographic":false}