{"cameraMode":{"drawMode":0,"name":"Shaded","section":"Shading Mode"},"sceneLighting":false,"audioPlay":false,"sceneViewState":{"showFog":true,"showMaterialUpdate":false,"showSkybox":true,"showFlares":true,"showImageEffects":true,"showParticleSystems":true},"in2DMode":false,"pivot":{"x":21.520000457763673,"y":7.920000076293945,"z":5.900000095367432},"rotation":{"x":-0.2497178465127945,"y":0.2994847297668457,"z":-0.08153486996889115,"w":-0.9172282814979553},"size":3.3525798320770265,"orthographic":false}