{"cameraMode":{"drawMode":0,"name":"Shaded","section":"Shading Mode"},"sceneLighting":false,"audioPlay":false,"sceneViewState":{"showFog":true,"showMaterialUpdate":false,"showSkybox":false,"showFlares":true,"showImageEffects":true,"showParticleSystems":true},"in2DMode":false,"pivot":{"x":24.999296188354493,"y":7.243873596191406,"z":8.318336486816407},"rotation":{"x":-0.03834988921880722,"y":0.04676448553800583,"z":-0.0017967706080526114,"w":-0.9981679320335388},"size":1.7236456871032715,"orthographic":false}